t1,t2,t3,t4,t5,t6,t7,t8,t9,t10,t11,t12,t13,t14,t15,t16,t17,t18,t19,t20,t21,t22,t23,t24,t25,t26,t27,t28,t29,t30,t31,t32,t33,t34,t35,t36,t37,t38,t39,t40,t41,t42,t43,t44,t45,t46,t47,t48,t49,t50,t51,t52,t53,t54,t55,t56,t57,t58,t59,t60,t61,t62,t63,t64,t65,t66,t67,t68,t69,t70,t71,t72,t73,t74,t75,t76,t77,t78,t79,t80,t81,t82,t83,t84,t85,t86,t87,t88,t89,t90,t91,t92,t93,t94,t95,t96,t97,t98,t99,t100
512,486,505,536,496,492,498,503,508,543,501,491,490,538,508,481,515,513,514,519,500,507,483,477,485,509,461,511,534,511,498,517,519,486,498,514,494,530,523,519,495,480,525,495,510,507,497,501,512,502,496,505,518,524,535,497,488,516,493,500,495,500,519,499,497,504,499,467,516,503,507,510,520,533,487,521,507,488,505,510,509,515,518,518,518,523,514,507,485,504,501,524,509,498,497,520,516,497,520,512
516,491,510,539,501,500,508,511,519,550,508,498,496,543,522,491,518,515,520,522,505,513,490,481,489,515,473,518,541,512,506,526,523,488,503,521,498,535,524,522,502,486,533,501,518,513,501,508,520,507,500,511,523,530,541,499,496,520,499,512,503,505,527,504,505,509,506,474,526,514,514,516,526,537,496,522,509,498,508,512,513,519,522,520,528,529,518,514,492,510,507,534,518,502,502,524,526,509,528,518
518,499,512,548,507,508,514,515,527,556,516,504,505,547,526,501,525,525,525,532,509,522,495,486,504,517,478,524,550,524,514,531,526,502,507,527,504,538,533,523,509,497,538,507,524,525,508,515,524,513,509,516,531,539,544,505,501,525,506,521,509,515,531,511,510,513,511,483,533,521,521,524,528,540,502,529,518,507,514,520,520,529,526,528,535,534,522,517,496,519,513,541,529,511,510,532,531,516,536,525
525,502,518,558,514,517,524,520,533,561,526,509,514,552,527,508,533,532,530,541,514,528,500,495,511,518,488,530,556,529,520,536,532,507,521,536,509,545,537,525,516,501,542,512,532,535,517,520,527,519,524,519,539,546,555,511,508,529,510,523,516,522,536,518,520,521,516,489,539,530,532,528,532,544,511,532,529,511,519,527,521,533,530,535,543,539,530,519,504,523,524,544,532,521,519,538,535,522,540,530
532,504,522,564,517,527,534,527,540,569,528,515,516,553,534,514,540,537,536,548,523,530,503,500,516,525,491,537,563,529,526,545,537,514,530,543,517,550,544,532,520,502,550,519,542,541,526,523,533,526,529,522,544,552,561,518,512,532,514,528,518,529,545,526,527,523,526,496,543,538,537,535,537,551,516,538,542,513,525,533,533,543,535,541,546,546,538,527,512,531,528,552,538,531,525,543,540,528,548,536
533,509,530,568,520,530,539,539,551,578,533,522,522,560,540,518,545,546,544,555,524,533,512,504,520,530,493,543,570,540,531,549,544,521,533,551,523,558,550,538,527,509,556,521,544,548,529,531,539,532,535,531,551,556,570,528,516,543,517,536,526,533,550,532,531,533,532,504,548,543,550,540,544,558,523,543,548,517,532,542,538,549,544,549,549,550,546,536,522,536,534,554,546,539,531,550,547,535,551,539
538,516,539,573,527,536,544,547,558,582,538,530,534,565,541,520,550,556,551,561,532,546,516,512,529,535,502,547,573,545,542,554,554,524,537,562,537,564,554,545,531,519,565,524,551,556,539,533,544,542,538,538,559,562,573,537,525,553,522,540,534,542,554,535,540,538,535,511,556,557,560,546,546,562,533,547,554,522,537,549,545,553,547,555,556,558,551,541,530,540,540,559,552,551,534,558,554,544,556,545
548,521,545,578,533,539,548,554,562,589,543,540,543,569,548,528,555,561,552,564,540,552,525,516,536,541,511,554,583,547,550,563,559,529,543,570,546,571,562,548,542,528,571,533,554,565,549,538,554,551,547,543,564,570,579,541,532,558,527,548,539,546,558,546,546,545,539,520,563,566,564,556,556,572,539,552,556,533,546,554,554,558,551,561,562,564,556,549,539,550,550,567,560,557,540,568,559,554,562,552
553,531,548,587,540,541,555,563,568,598,550,551,557,572,555,531,562,566,559,572,544,558,535,518,540,547,513,558,592,554,557,571,563,533,552,575,557,574,568,556,549,535,579,538,560,573,557,545,564,557,556,546,573,577,582,548,538,564,533,551,550,551,561,548,552,551,546,526,571,572,568,561,563,576,543,556,564,544,552,562,557,564,559,565,569,569,562,555,544,552,552,571,569,563,545,576,560,561,571,557
556,536,552,593,548,549,565,568,575,602,555,557,561,574,561,536,566,572,563,578,556,563,542,522,547,555,517,565,600,563,563,575,578,540,558,580,562,577,573,564,556,544,585,548,570,577,567,551,571,564,560,555,583,583,593,558,549,571,537,553,556,557,571,555,559,560,551,535,579,580,575,566,572,581,546,560,569,548,556,564,563,569,570,568,576,574,566,557,551,557,557,586,574,566,558,587,568,568,578,564
560,542,562,598,557,554,574,570,582,606,563,560,567,579,570,549,575,579,571,586,562,569,546,527,557,556,523,572,603,570,568,579,588,547,563,589,567,586,582,568,563,549,594,560,575,579,571,555,576,575,568,564,586,596,601,564,553,581,542,559,561,562,573,564,565,570,560,546,583,583,579,572,580,587,551,564,573,551,557,573,568,574,580,568,580,578,572,562,561,562,563,589,577,574,565,594,574,573,586,572
565,549,568,603,562,560,584,576,589,611,567,563,576,585,576,555,582,580,576,595,571,576,555,536,564,560,529,578,607,572,573,586,595,556,566,597,571,597,589,573,572,554,596,565,583,583,576,562,580,582,579,570,591,606,606,566,558,590,548,568,574,566,577,572,572,574,564,548,588,589,583,579,582,594,556,570,582,557,563,580,573,577,586,577,586,582,578,565,566,568,569,594,581,579,569,599,576,580,590,576
569,559,586,609,568,567,589,581,594,622,571,570,584,590,585,561,593,586,582,599,581,580,570,542,568,563,539,587,614,575,578,587,602,567,573,606,577,602,598,583,577,557,598,568,592,592,584,565,584,585,588,579,598,611,610,568,562,596,554,576,584,569,581,576,579,579,568,560,597,594,589,594,592,602,557,574,591,565,577,591,578,582,593,581,592,590,586,571,572,576,577,601,584,585,576,604,584,594,597,582
572,567,588,611,574,575,593,587,602,629,579,576,588,593,592,567,597,591,589,605,584,588,576,548,575,570,544,599,623,582,583,592,608,573,574,611,582,607,606,589,585,562,601,571,598,598,589,574,591,592,598,589,607,615,618,576,571,604,562,582,593,580,583,583,585,584,575,562,604,601,595,598,601,605,561,583,600,568,582,597,581,593,599,584,597,599,596,576,584,577,591,607,589,594,582,613,591,606,602,590
577,569,591,618,582,579,600,594,610,637,584,581,595,599,596,574,608,600,597,609,590,592,580,560,583,578,553,604,631,588,594,599,613,582,582,612,587,610,612,591,591,567,606,577,603,607,593,581,598,600,605,597,613,625,622,585,581,606,568,588,595,585,586,588,587,586,583,566,607,605,601,602,607,612,568,587,607,573,589,604,590,600,601,591,604,604,600,582,590,583,595,610,596,600,587,621,597,615,610,594
580,574,597,627,591,582,607,599,615,642,592,591,599,605,602,579,613,605,604,612,595,601,585,568,588,580,560,609,636,598,603,608,617,586,589,617,594,616,616,599,596,570,610,584,611,612,598,587,602,608,610,600,619,630,630,595,590,613,576,591,599,592,592,595,592,589,586,575,610,611,611,608,611,617,574,593,615,580,598,611,601,604,609,597,612,609,610,591,600,589,606,613,601,608,592,630,605,625,615,595
588,580,604,632,601,589,609,603,618,643,596,602,606,608,607,585,619,612,611,622,600,607,595,577,596,589,564,616,641,601,607,612,625,590,592,621,597,622,628,603,602,578,616,591,616,617,606,592,608,616,615,603,625,639,636,600,602,618,588,597,604,603,605,603,596,598,594,580,611,615,619,615,622,626,580,601,621,586,607,616,613,613,616,603,620,615,613,596,606,594,609,620,604,615,599,641,611,631,621,601
597,585,608,635,612,597,615,611,623,653,602,608,613,616,609,590,629,624,616,629,602,609,601,584,600,591,567,626,644,604,614,618,640,600,597,626,602,631,634,610,607,585,620,598,622,622,609,595,614,629,625,605,628,648,643,608,609,622,593,602,609,610,611,609,605,606,601,584,617,622,633,627,627,635,593,609,625,596,612,622,620,618,621,607,627,623,621,601,610,607,613,631,613,621,609,644,618,640,627,605
603,589,611,644,621,601,622,614,626,659,607,611,618,622,612,598,635,629,617,638,608,614,609,590,602,599,570,633,648,611,620,622,644,604,604,631,609,637,640,616,609,592,631,604,625,627,614,596,621,636,629,613,638,650,649,615,619,624,599,608,616,622,616,612,611,615,605,588,626,629,639,630,630,639,598,612,633,603,619,631,630,621,628,613,632,628,626,609,617,609,618,637,621,631,620,648,625,643,632,612
611,599,620,648,628,606,628,619,632,665,616,619,623,626,615,602,643,635,622,641,618,618,617,595,606,603,574,637,651,617,629,625,652,611,610,639,613,643,647,620,614,601,636,606,629,636,618,601,626,648,634,616,647,660,657,622,627,629,607,613,630,626,622,618,618,621,609,595,632,635,647,631,633,644,609,619,637,612,623,641,634,625,635,618,634,633,631,616,622,612,622,646,626,641,625,656,630,652,637,619
621,608,625,652,637,611,639,626,640,673,625,623,631,630,621,606,646,643,629,646,624,621,621,605,609,609,580,639,656,631,636,626,659,615,618,646,619,649,653,627,618,604,645,615,636,638,623,605,631,655,642,622,651,666,664,629,633,632,618,619,639,634,624,628,620,629,612,602,639,642,652,633,640,649,615,625,644,621,627,651,641,631,641,621,642,642,637,622,629,621,631,650,632,645,629,663,638,660,642,625
633,615,631,666,640,620,644,630,644,680,633,635,636,635,627,612,649,650,635,650,630,628,628,619,616,620,587,642,664,642,643,631,661,624,620,652,629,658,660,633,623,610,650,621,641,648,633,605,637,660,650,630,659,669,672,638,643,636,627,625,645,640,631,631,626,632,619,607,645,645,658,639,646,652,619,628,650,627,632,660,646,634,645,626,653,650,643,627,636,628,640,653,643,654,634,665,643,664,647,628
637,621,642,670,646,627,648,637,650,683,635,645,638,639,634,618,656,657,640,654,635,632,636,625,624,625,594,653,668,647,654,637,671,631,631,656,634,666,662,636,630,618,656,624,646,654,643,607,640,666,653,639,662,675,678,645,650,643,635,632,647,646,635,637,634,637,627,612,650,654,666,642,651,656,629,633,656,632,634,665,653,638,653,633,656,652,647,632,639,632,644,661,653,660,639,673,650,667,650,633
647,625,649,674,654,629,654,644,655,695,645,654,647,646,644,624,667,661,646,658,637,637,640,633,627,632,601,660,673,649,662,646,672,637,640,663,638,679,663,646,637,626,662,629,650,659,644,617,642,670,662,645,666,678,684,649,657,651,642,637,653,651,644,642,644,647,632,617,659,658,677,651,657,660,634,641,659,640,636,670,660,646,660,643,661,656,652,637,645,638,648,666,656,665,644,678,656,675,655,638
651,629,654,680,660,639,659,651,659,703,650,662,650,655,650,634,671,667,651,662,642,647,644,643,629,640,611,670,675,652,667,653,676,640,647,673,643,684,667,655,644,627,669,637,658,666,647,621,649,676,666,653,669,684,691,650,666,657,647,641,660,660,651,648,652,653,642,619,661,665,680,657,664,665,642,650,664,645,644,675,668,651,671,646,673,662,658,647,648,643,652,670,662,672,654,691,661,679,660,647
655,635,661,686,664,649,666,661,666,709,656,667,658,660,659,642,676,675,654,667,648,652,648,656,638,646,613,678,684,658,674,661,682,646,653,674,646,688,677,659,649,635,674,647,665,673,647,634,656,679,675,657,684,690,691,654,671,663,651,644,664,668,654,652,657,660,645,626,668,674,687,663,666,670,654,658,675,650,648,683,672,654,676,653,678,671,666,652,649,646,659,673,666,678,660,698,667,685,670,651
662,643,667,691,667,655,672,667,667,712,662,669,663,665,663,649,680,680,660,671,658,655,658,667,644,649,616,687,693,661,682,668,689,655,659,682,655,690,680,664,653,638,679,652,671,683,651,642,663,688,679,661,688,694,693,662,672,667,656,648,671,673,659,659,661,667,654,631,675,681,693,669,672,671,661,673,678,658,655,690,676,661,680,658,684,673,670,658,660,651,666,680,669,686,663,704,674,694,676,658
666,654,671,692,669,658,680,673,671,720,666,679,672,667,672,658,683,685,669,675,664,658,661,671,645,653,620,692,704,670,688,675,698,663,664,688,661,698,682,666,663,644,684,658,676,691,658,645,668,692,681,666,691,699,697,668,677,671,659,655,678,678,665,666,664,668,661,639,680,687,701,675,687,680,668,683,687,659,662,698,682,663,683,663,690,678,676,661,668,654,669,688,674,690,667,705,682,706,676,659
673,659,673,698,675,661,686,677,675,726,672,682,679,674,674,667,690,690,672,683,669,663,664,676,651,659,624,697,714,680,693,681,702,664,667,693,665,702,692,671,666,647,689,664,681,696,668,651,673,696,686,672,696,707,703,673,680,671,666,660,687,686,670,670,670,672,670,649,689,690,712,680,691,686,675,687,693,669,664,703,686,672,690,668,695,682,681,666,676,656,675,698,685,694,673,713,687,712,681,667
677,668,678,706,680,669,690,685,678,731,679,686,687,680,681,674,697,697,675,693,670,668,672,681,661,660,628,702,719,686,697,686,706,669,671,696,668,711,697,679,668,653,692,672,684,699,671,660,679,701,689,676,703,712,706,677,684,672,672,667,690,695,680,677,678,679,677,658,693,699,714,686,698,694,681,691,703,678,671,705,690,677,692,671,698,687,682,670,683,664,681,701,690,697,680,718,692,719,685,676
681,673,684,710,683,674,693,693,683,735,683,695,690,684,685,678,701,703,678,694,680,677,677,690,669,662,635,707,725,695,701,691,714,673,676,699,678,716,705,681,675,660,694,681,690,705,675,667,686,709,693,681,711,721,709,682,689,679,679,677,700,702,687,682,685,685,684,663,701,704,717,691,702,700,685,694,705,684,675,710,696,683,699,674,701,692,690,674,692,670,686,704,696,699,689,726,701,721,689,682
685,682,689,716,690,684,695,706,690,740,693,704,692,692,692,683,706,704,685,698,681,685,680,695,673,663,642,712,727,700,707,697,718,680,679,702,684,721,707,694,682,667,697,688,694,709,685,679,693,716,702,685,713,726,716,687,697,685,684,685,704,706,693,688,688,689,688,669,708,714,724,698,711,708,692,700,716,690,679,714,702,686,700,682,704,697,700,683,699,675,689,710,700,707,694,730,708,723,694,687
692,684,693,727,698,688,699,708,696,742,698,712,700,701,694,689,709,711,690,705,687,686,686,703,679,676,649,717,732,706,713,698,723,686,684,713,694,724,718,697,686,673,704,699,696,713,691,686,694,720,705,691,716,738,722,694,700,693,694,689,712,713,697,691,691,694,693,678,718,718,726,706,719,712,696,709,724,694,690,720,703,691,702,686,712,705,708,690,707,684,695,715,703,712,698,734,713,730,702,691
698,687,694,732,705,692,711,715,701,749,707,715,704,706,702,697,718,714,693,714,692,691,692,708,689,680,656,728,736,710,717,703,724,692,693,721,699,731,726,700,692,679,712,703,700,720,696,692,698,725,712,691,720,738,726,699,704,698,697,692,716,715,701,701,694,698,698,683,723,724,729,711,721,718,702,716,727,697,696,724,707,698,706,692,715,714,713,697,712,687,705,726,706,716,705,737,717,734,705,699
701,692,701,736,709,697,715,717,706,751,713,719,709,710,707,704,723,718,695,720,695,696,698,715,692,690,664,735,741,720,722,706,728,697,698,724,701,734,731,705,698,684,719,704,704,724,704,698,705,731,720,693,727,738,730,703,716,710,698,693,718,722,707,709,703,702,708,693,730,729,733,718,726,724,705,718,733,706,703,729,714,703,713,697,722,719,719,707,713,690,707,732,710,718,711,741,723,738,710,704
710,696,704,743,716,702,722,723,713,756,720,726,716,715,712,711,725,723,704,721,699,702,702,720,699,695,672,740,746,726,728,710,731,700,703,728,704,736,736,708,704,688,722,707,710,730,712,701,716,735,726,700,732,745,735,707,720,723,703,695,723,727,711,722,707,707,713,699,733,733,740,721,730,727,706,721,735,713,712,736,721,704,716,701,725,726,725,712,716,696,710,735,714,722,715,748,732,742,715,710
719,702,706,746,721,710,728,727,717,761,723,730,719,720,718,713,730,726,707,723,705,708,705,728,706,706,680,744,753,730,735,714,736,706,707,736,707,741,743,710,712,693,727,712,715,737,719,707,723,739,733,703,736,753,739,711,725,726,708,700,727,736,717,728,711,711,721,709,738,739,747,725,733,732,714,730,738,719,718,742,726,709,723,704,731,731,732,719,719,700,714,739,724,728,720,751,738,749,720,713
724,706,713,754,727,716,732,732,719,765,728,734,724,722,724,720,736,730,712,727,708,716,710,731,715,709,683,747,758,737,738,717,740,711,712,740,717,746,745,712,714,699,736,715,720,743,722,714,733,746,738,708,745,760,746,718,734,729,712,707,729,742,722,735,713,718,723,714,748,744,752,729,735,736,721,738,741,720,722,747,733,714,728,712,737,733,736,721,723,705,720,744,727,734,725,757,750,752,728,721
725,712,716,759,731,718,737,737,721,770,735,737,732,727,731,728,743,736,714,728,712,719,716,736,720,714,689,751,762,739,740,721,742,715,715,745,725,749,749,715,719,705,742,719,725,746,726,719,740,750,746,716,748,765,749,723,740,735,719,712,734,747,730,744,719,724,727,719,752,747,755,735,743,740,725,739,745,728,727,752,739,720,735,717,739,737,742,727,727,707,725,750,736,743,729,765,753,758,736,727
731,718,723,764,736,725,744,740,727,779,742,743,737,733,741,731,748,742,720,735,718,728,718,738,725,725,690,756,764,743,746,727,748,718,721,750,727,756,753,721,723,710,749,724,729,753,732,724,745,757,750,719,751,768,752,726,748,739,724,719,741,756,739,748,725,726,734,726,757,753,759,740,746,749,730,742,747,735,733,757,741,726,739,721,740,742,748,731,734,713,731,757,740,752,731,771,755,762,743,735
739,720,725,771,740,729,749,746,733,784,746,748,740,739,744,736,752,747,723,742,723,730,720,744,730,726,697,762,775,747,751,732,754,728,725,754,731,761,756,726,726,713,754,735,733,755,734,731,753,760,754,725,753,774,756,732,754,744,728,723,748,761,744,752,728,732,738,728,759,757,761,745,751,751,734,747,747,740,740,765,747,731,743,726,743,751,754,732,737,720,733,766,742,755,737,772,758,769,753,738
743,722,731,779,743,732,758,752,737,787,749,754,747,745,746,739,761,750,728,745,729,736,726,746,738,730,714,767,781,748,760,736,761,732,729,764,733,764,763,728,732,715,762,742,736,760,739,740,760,766,759,733,755,776,761,738,763,750,733,729,753,764,746,757,738,737,741,730,762,763,768,749,753,753,740,752,752,748,755,768,750,736,749,729,750,754,757,734,741,729,740,772,744,761,742,778,761,772,756,741
749,731,737,780,748,734,761,761,743,795,758,764,749,753,748,747,769,754,733,747,739,739,731,754,747,738,724,769,787,751,764,741,763,735,733,770,736,768,768,732,733,719,765,743,746,761,743,744,762,767,762,739,759,778,767,744,765,754,739,736,757,767,755,761,745,741,750,735,765,767,773,754,755,757,749,756,758,752,759,773,754,739,751,732,751,758,762,740,750,735,745,777,748,765,746,783,766,780,763,744
755,735,746,783,751,740,765,766,750,799,762,771,751,760,753,753,772,762,739,750,745,745,735,758,756,738,726,772,791,755,769,749,766,737,741,774,739,773,778,735,743,723,775,746,749,770,748,747,768,773,770,743,767,784,771,749,772,763,744,741,761,775,760,766,749,745,754,741,766,775,780,760,760,761,754,766,765,755,761,781,759,748,759,737,760,763,767,744,752,743,746,783,752,767,760,787,772,787,765,750
761,739,749,788,754,747,769,772,750,800,768,774,757,762,760,755,775,765,744,759,752,749,743,767,760,742,730,776,797,761,773,757,768,746,747,781,741,779,785,743,748,726,777,750,759,774,751,753,772,778,772,746,772,791,775,753,775,767,749,748,765,778,764,771,759,748,757,743,770,777,784,761,762,765,765,771,769,759,767,791,761,751,762,742,769,772,772,746,755,744,751,786,755,776,763,792,777,791,769,754
769,744,752,790,755,750,775,774,762,804,772,777,764,764,765,758,775,770,753,761,759,755,747,773,772,747,733,784,803,768,776,760,770,753,750,789,746,787,787,746,752,731,780,753,764,777,759,758,776,785,777,749,774,799,778,759,779,770,754,753,767,784,769,773,765,755,762,749,774,782,788,765,768,769,770,777,771,766,776,795,765,756,768,745,773,774,777,750,762,745,757,792,760,778,770,796,779,793,773,760
777,749,759,790,758,755,781,781,772,807,776,781,774,768,771,762,781,777,758,763,765,756,751,776,775,755,735,791,806,779,781,763,775,758,754,795,749,789,789,748,760,736,785,757,765,779,763,762,782,789,781,754,777,799,780,763,783,772,756,756,770,791,773,773,768,759,768,755,777,785,791,770,776,773,773,784,774,770,781,800,771,760,773,750,775,777,781,756,764,754,763,794,767,781,776,799,787,797,780,764
784,760,763,797,762,755,789,786,778,810,780,792,778,775,778,772,787,782,764,766,768,760,755,779,780,759,739,794,807,785,785,765,778,763,757,797,753,792,795,754,763,741,789,763,766,783,765,765,783,791,785,757,781,802,782,772,788,780,762,759,775,798,776,776,770,765,770,759,779,791,794,773,780,777,775,786,780,774,787,804,778,763,778,755,778,786,790,765,769,759,768,797,774,788,782,808,792,801,783,769
787,767,768,802,767,759,795,791,782,814,782,796,781,779,783,779,790,785,771,769,772,764,759,785,783,765,742,801,809,789,789,768,787,768,762,800,758,797,804,756,770,747,791,769,773,784,772,769,785,792,788,760,784,807,782,775,793,784,763,763,779,807,778,784,771,770,775,764,786,795,796,778,789,782,779,792,784,778,790,808,784,768,786,764,784,790,791,768,773,764,773,800,778,794,788,811,796,805,789,772
791,772,769,807,771,764,802,794,785,816,788,802,785,783,789,784,794,789,776,777,777,769,763,786,786,768,747,806,817,794,792,772,791,770,766,801,767,800,807,759,774,749,799,771,777,788,781,776,788,798,793,762,790,809,785,781,797,788,770,772,784,811,783,788,778,774,777,766,788,798,800,782,791,783,781,795,790,784,794,812,785,776,795,767,787,793,793,771,777,768,777,802,783,799,789,815,800,812,794,775
794,776,777,812,775,766,805,796,794,822,791,808,791,789,797,793,795,795,779,780,783,775,770,790,791,771,752,806,819,802,796,774,796,776,772,804,769,803,810,760,779,752,804,775,780,792,787,779,793,803,796,769,798,815,793,786,802,790,770,776,786,813,786,792,786,777,781,766,790,802,809,783,794,787,790,799,792,788,798,815,788,780,800,771,793,799,798,778,781,772,780,807,785,807,797,823,809,817,801,784
798,776,782,817,782,770,808,798,799,826,793,810,793,796,800,799,796,798,786,784,785,776,775,798,796,778,756,809,826,806,809,778,801,782,777,812,773,809,816,763,785,758,810,780,782,794,792,783,800,805,800,774,804,819,796,791,807,794,775,780,790,816,789,798,789,785,786,771,798,806,811,788,798,790,793,808,796,794,803,820,794,788,802,777,797,802,801,783,784,773,785,814,788,809,800,831,816,821,803,787
803,784,787,824,789,777,814,801,802,827,796,814,796,798,810,800,798,806,793,790,789,781,779,805,800,783,760,812,831,812,814,783,804,786,784,818,776,811,821,765,791,760,811,783,787,802,797,793,805,808,804,781,807,823,798,795,814,796,780,785,792,818,795,805,794,788,789,775,802,808,814,789,800,798,800,811,798,800,808,823,798,793,806,784,806,804,806,787,791,777,792,814,788,809,808,835,820,823,809,789
805,788,789,827,793,783,820,808,807,832,799,817,801,801,812,806,804,808,799,795,792,785,781,810,805,787,766,817,837,817,819,785,805,790,786,823,781,813,825,776,795,761,816,788,793,803,803,795,807,811,808,784,812,829,803,800,818,798,784,790,797,824,796,811,796,792,795,779,804,813,817,792,804,802,804,815,801,806,811,827,802,797,810,787,806,808,809,791,793,781,795,816,795,814,811,839,824,826,814,794
810,791,792,832,798,788,826,810,810,839,802,822,802,804,817,808,808,811,800,800,793,787,783,814,809,790,772,819,842,819,820,788,807,796,791,830,784,817,831,781,799,765,819,795,794,811,809,800,813,815,811,787,817,831,808,808,823,803,788,794,801,829,802,818,803,793,799,785,810,821,820,796,809,807,809,818,805,808,818,832,808,802,816,791,810,815,810,795,797,790,806,822,797,820,813,842,827,829,820,797
818,796,797,834,800,791,828,813,815,842,807,828,812,806,820,808,812,815,806,802,796,796,786,815,810,794,778,820,846,822,824,794,811,798,796,834,789,817,835,786,804,767,827,803,801,819,816,806,820,817,815,792,821,836,814,814,828,807,788,798,802,831,805,819,808,795,802,790,813,825,826,802,811,813,810,823,810,809,820,834,809,808,820,795,813,817,813,796,799,792,808,826,803,823,814,844,829,836,827,800
822,800,800,836,803,793,834,818,820,849,808,831,816,814,824,812,815,819,810,808,799,801,787,821,812,797,780,825,850,826,827,799,815,804,803,839,794,821,839,793,807,771,833,805,801,823,818,807,823,821,820,797,822,839,816,818,831,810,795,801,807,833,812,824,810,799,806,795,815,832,829,807,817,817,818,827,817,813,824,835,812,816,822,799,816,824,820,800,800,797,811,832,805,825,817,846,833,837,829,804
828,802,808,838,808,797,834,825,825,857,813,833,818,817,826,817,818,821,814,811,802,807,792,824,813,799,781,828,854,830,830,801,826,806,807,843,798,823,842,797,814,776,834,809,805,829,821,808,828,822,822,802,827,841,822,823,836,811,799,802,810,833,821,827,811,802,808,797,819,835,831,813,821,824,823,830,821,818,826,838,814,820,827,805,818,825,826,803,809,799,817,835,807,827,818,846,836,841,830,810
832,806,813,840,813,801,839,831,827,859,817,837,820,819,832,823,820,825,819,813,804,809,795,826,813,802,784,832,856,831,833,803,832,808,809,850,800,827,847,798,817,778,839,815,810,834,824,811,834,824,829,805,830,842,824,827,840,814,805,806,814,836,824,831,817,809,811,799,825,839,836,820,825,827,824,832,826,820,832,843,815,821,832,815,822,833,826,808,813,803,822,837,809,831,821,850,839,846,836,812
836,812,819,846,818,806,840,833,829,863,820,838,822,825,834,826,829,828,821,820,804,815,806,830,815,806,787,838,858,833,834,806,837,810,810,851,802,832,850,798,819,783,842,815,813,836,824,815,835,828,835,813,838,842,826,832,842,818,809,817,818,841,824,836,820,812,817,802,827,840,837,827,830,831,829,836,829,826,833,851,819,826,839,818,825,839,829,813,818,809,827,843,811,835,827,857,843,846,839,815
838,815,825,848,821,809,844,833,836,865,825,840,830,827,836,829,837,835,823,824,809,821,817,832,817,809,794,843,859,837,836,808,839,813,814,854,806,834,852,803,822,785,845,817,818,840,829,819,838,834,838,816,841,843,829,835,844,819,814,820,821,844,825,840,825,814,821,809,831,845,839,830,831,832,832,837,832,830,836,857,821,832,846,826,827,844,835,815,819,812,830,848,815,837,830,864,845,848,843,818
840,819,829,849,824,814,845,837,842,866,827,841,833,832,842,834,841,841,825,831,813,828,819,838,821,810,798,846,861,840,840,812,841,816,819,858,812,835,853,805,827,794,847,823,821,843,832,821,843,835,843,817,844,844,829,836,847,819,817,825,823,846,827,841,830,817,825,821,835,848,842,832,835,836,836,838,833,834,838,862,824,833,851,830,829,847,838,817,822,819,834,851,820,839,834,872,848,849,844,821
843,823,834,852,832,820,846,841,845,868,832,846,836,838,845,836,845,846,828,835,817,831,821,845,828,816,805,848,864,843,843,814,844,821,820,859,816,839,856,808,835,797,859,829,825,846,837,826,846,839,845,821,848,850,837,838,852,821,822,829,827,847,831,847,834,824,827,825,835,853,848,835,836,839,839,843,836,837,838,863,827,840,856,833,832,851,843,823,826,822,836,856,824,840,839,876,852,853,847,824
846,827,835,854,836,822,849,844,847,870,837,846,838,840,845,839,847,848,832,835,822,836,825,850,832,817,809,851,865,846,847,817,845,826,828,863,822,842,859,811,836,804,860,831,829,851,840,830,851,844,849,826,852,852,841,842,854,826,824,830,831,850,837,849,841,827,831,830,836,855,850,837,839,845,841,847,840,839,838,866,831,843,859,839,837,854,849,827,826,827,838,859,830,846,842,877,857,853,849,829
850,832,839,854,842,825,851,849,852,875,844,849,841,845,846,842,850,848,837,837,824,841,826,853,837,822,812,853,868,848,851,820,851,828,833,864,825,844,865,813,838,811,861,836,831,854,843,834,852,849,853,830,854,860,845,845,857,829,828,832,837,852,840,853,846,832,838,835,840,860,852,840,839,849,844,850,842,841,843,872,833,847,863,844,841,861,851,834,832,828,840,865,834,854,844,883,859,855,854,832
856,833,847,857,848,830,851,853,855,879,845,853,845,846,850,849,855,852,840,841,826,845,829,853,840,829,815,857,870,852,853,821,854,832,837,868,831,847,866,815,843,818,862,843,834,856,845,835,855,852,854,833,857,864,849,850,858,833,836,833,839,858,846,856,849,838,839,836,844,861,857,842,841,850,846,852,846,845,847,877,836,851,864,848,846,862,854,834,838,830,842,866,837,857,848,888,862,860,856,835
861,839,849,861,853,832,853,858,858,881,846,856,848,849,856,851,857,854,845,843,830,846,835,856,840,833,816,861,873,853,859,826,862,837,843,872,836,851,871,822,846,820,862,844,836,860,849,838,858,855,856,836,860,866,852,853,860,835,841,837,843,865,848,860,856,841,841,840,850,864,857,845,845,850,853,858,849,849,852,878,840,856,865,851,848,864,858,837,839,831,843,869,841,857,850,890,862,862,860,838
865,840,850,862,858,836,858,860,863,881,850,860,852,851,859,853,859,860,847,844,832,850,840,860,846,835,818,864,876,858,863,832,863,842,848,874,837,854,874,824,849,824,866,848,839,862,853,841,864,857,860,837,862,868,855,857,865,841,846,839,847,866,852,862,856,843,844,842,855,865,859,850,855,854,853,865,853,850,856,878,841,859,867,853,852,866,862,840,842,836,845,872,844,858,851,893,864,865,860,840
869,842,854,866,860,841,861,865,867,883,853,864,853,854,861,862,864,863,848,848,836,855,843,863,850,837,820,867,879,863,865,836,866,849,855,877,839,856,876,832,852,825,868,851,846,869,858,846,866,859,865,840,863,870,857,861,867,844,850,845,850,868,856,864,858,847,845,847,860,869,865,856,856,855,855,868,855,852,859,880,844,864,868,853,857,870,866,843,844,838,847,875,850,860,852,895,868,869,864,842
870,844,857,869,864,845,864,870,870,886,857,867,857,857,865,862,866,863,854,854,838,857,845,864,850,840,823,870,879,863,867,840,870,853,860,879,843,861,879,838,857,828,869,858,851,873,864,850,871,859,867,842,868,872,859,863,871,847,852,849,854,870,861,867,859,852,847,848,863,871,867,860,857,857,856,870,858,853,860,881,847,866,872,858,859,871,871,850,848,844,850,877,850,861,856,895,874,872,867,845
875,849,859,870,866,847,866,872,870,888,860,867,863,862,867,864,869,865,857,855,844,862,846,867,854,843,824,873,886,864,869,846,871,855,863,881,848,865,884,842,859,831,871,861,856,874,867,853,875,864,871,849,874,873,861,863,872,851,853,851,860,872,865,870,863,855,853,849,867,873,872,863,860,861,857,874,861,856,862,881,848,868,876,858,861,875,874,853,854,847,852,879,853,863,856,896,880,875,870,849
879,852,862,872,867,852,872,874,870,891,866,871,866,865,867,868,871,870,864,861,846,869,854,870,861,845,824,874,887,867,871,848,873,857,866,885,852,870,885,846,862,833,872,863,860,877,869,856,877,866,875,850,875,876,861,867,875,854,858,854,860,874,867,874,867,857,855,850,870,874,873,866,860,863,859,878,866,856,864,883,850,871,879,861,865,877,876,856,857,849,856,881,860,869,860,897,881,877,875,851
881,853,865,875,869,854,874,881,871,894,868,872,868,866,872,870,872,876,865,864,850,872,859,871,867,849,830,877,887,870,873,852,875,860,871,887,856,872,886,849,866,836,876,866,863,879,872,860,879,870,878,851,877,878,862,867,877,856,861,857,865,877,868,876,869,860,857,854,872,877,874,869,866,866,862,880,871,862,866,888,853,875,882,865,865,882,880,858,862,851,858,882,861,870,866,899,883,879,876,855
885,858,869,880,871,857,877,883,875,900,871,875,872,869,874,872,877,878,868,867,854,874,863,873,870,854,833,877,887,871,878,859,877,863,874,887,857,875,890,851,868,840,883,870,863,880,877,865,880,874,878,854,878,878,864,871,879,856,864,861,870,880,869,878,872,864,857,858,873,880,876,871,870,871,866,881,872,866,872,892,854,878,883,867,869,884,881,866,869,855,862,885,864,871,867,900,885,880,876,862
886,860,871,884,873,860,880,886,879,901,874,876,874,872,878,873,879,879,871,871,858,876,864,875,873,858,836,881,889,876,880,861,879,866,876,887,862,877,895,857,870,843,886,871,865,881,880,867,886,876,879,856,882,879,870,872,883,861,865,864,872,882,872,880,874,867,865,861,873,882,879,873,874,877,867,883,875,867,877,894,859,882,884,872,872,884,883,872,873,861,864,887,868,877,871,901,886,881,876,865
890,868,874,887,875,864,884,887,882,903,875,879,876,879,880,874,881,884,873,875,864,880,868,879,877,860,839,883,892,878,881,865,883,868,876,889,865,879,897,859,876,844,890,872,869,884,886,873,888,880,886,858,887,887,872,874,884,866,867,872,874,885,875,883,880,868,867,864,876,884,881,877,876,880,870,886,877,868,879,897,861,882,887,873,874,889,886,873,877,864,866,890,874,880,872,906,889,885,879,865
891,873,878,888,878,870,888,888,886,907,878,880,879,884,882,879,883,884,875,880,865,882,870,884,878,861,843,887,893,879,887,871,884,869,879,890,868,885,901,861,878,848,893,874,871,886,890,876,890,882,888,860,889,891,874,879,890,867,871,874,878,886,880,887,884,871,872,868,879,885,883,881,880,883,875,888,877,872,884,901,867,885,888,879,878,893,890,874,880,867,871,894,878,881,873,908,891,888,881,867
893,875,883,893,881,875,891,889,889,909,879,885,881,886,882,880,883,886,878,882,868,885,871,885,881,868,847,888,893,880,892,876,885,871,881,895,871,885,903,863,878,850,896,875,874,889,893,880,891,886,888,862,891,893,878,881,892,868,874,876,880,886,883,889,886,873,875,872,881,885,886,882,881,887,877,889,879,875,889,903,869,890,890,882,879,896,892,877,883,872,872,896,883,882,874,911,893,889,882,869
897,877,887,897,885,880,893,889,892,910,882,887,886,888,887,883,883,887,878,885,869,890,873,888,883,872,849,889,895,881,894,877,887,874,884,898,876,887,903,867,880,856,896,879,876,890,894,881,892,890,888,865,892,894,879,883,893,872,880,881,883,888,884,891,890,876,879,876,887,886,894,884,884,890,877,892,883,875,889,907,871,892,892,883,880,898,895,881,884,874,874,901,884,884,874,912,893,891,887,873
900,883,890,897,888,881,896,892,896,910,884,889,893,891,888,884,887,891,880,887,871,892,875,889,883,874,853,892,896,885,897,880,890,876,888,900,880,889,905,869,882,859,897,887,879,891,896,885,894,894,889,867,894,894,880,886,895,875,886,881,885,890,886,895,890,878,882,880,892,888,896,885,885,893,879,895,886,878,891,914,872,896,892,885,882,900,897,883,889,877,877,906,886,888,875,914,895,893,893,874
901,887,891,900,892,885,897,894,896,912,885,894,894,892,892,888,891,894,881,889,872,898,878,891,886,876,856,894,900,886,899,885,892,877,891,900,883,889,910,869,884,864,898,889,883,895,897,889,900,895,892,869,900,897,881,886,896,880,891,882,890,892,887,897,893,880,887,883,893,891,897,886,887,896,881,896,891,882,894,919,876,898,894,889,884,901,899,885,891,882,879,908,888,892,876,915,898,895,897,883
903,890,892,903,894,888,899,898,900,915,889,899,896,897,895,892,892,896,882,892,874,902,880,895,891,878,862,898,902,890,899,886,894,878,891,903,885,891,911,877,886,866,901,891,890,898,901,889,904,897,893,870,900,897,882,887,897,883,896,885,892,892,891,902,894,883,887,887,897,892,900,888,890,897,886,897,892,884,901,920,879,903,895,891,885,902,904,889,894,885,881,911,891,894,882,915,901,897,898,888
903,893,895,905,897,889,901,899,902,916,891,903,897,900,897,896,893,899,884,897,877,904,883,896,892,882,864,899,907,892,901,888,898,881,894,908,887,895,912,880,890,868,904,893,892,900,903,895,907,898,894,873,902,900,884,887,900,886,896,886,894,893,891,904,896,884,889,889,899,893,904,893,890,903,886,898,893,888,903,922,882,905,896,892,888,904,905,892,897,885,882,912,895,895,884,920,903,899,900,893
905,897,898,906,899,891,902,901,906,918,892,904,899,902,900,898,896,901,885,900,881,908,884,900,896,882,865,902,907,895,904,891,898,883,896,909,888,899,913,880,891,871,904,895,895,906,905,897,909,900,896,876,906,902,888,890,902,889,898,888,896,893,893,904,898,889,890,891,903,898,907,894,894,906,888,899,896,890,905,925,887,908,898,896,890,908,908,895,901,886,886,913,898,896,885,921,908,899,907,897
908,898,898,909,904,894,907,904,910,918,893,907,902,904,901,899,899,901,887,902,884,910,889,904,898,884,866,904,908,897,906,893,900,884,897,912,888,901,915,884,895,872,905,896,898,907,908,900,910,902,900,880,910,906,891,892,904,889,901,892,896,896,894,905,901,892,895,892,906,900,908,897,895,912,893,902,898,892,905,927,891,909,907,898,893,912,910,897,901,886,887,916,899,896,887,923,911,900,908,901
909,901,901,910,905,897,908,905,913,921,898,909,905,907,901,900,902,903,889,902,887,912,894,908,898,887,870,905,911,901,908,898,900,889,898,912,888,903,918,889,897,876,907,898,900,909,909,902,910,904,903,882,913,906,893,894,907,889,905,895,897,896,896,908,902,895,896,894,907,901,911,899,896,915,895,904,901,899,906,931,893,910,908,900,895,915,913,900,903,890,887,920,903,899,890,925,911,900,908,902
913,903,903,915,906,900,909,907,913,924,901,911,906,907,902,905,903,906,890,906,891,913,894,913,902,887,872,907,913,902,910,899,904,891,902,913,891,906,920,894,898,879,909,902,901,910,910,905,910,905,903,882,914,907,895,895,910,892,908,898,899,896,897,911,906,895,898,894,909,902,912,902,902,917,898,905,905,901,910,932,897,911,909,901,897,917,914,903,907,893,888,922,907,901,891,926,913,901,909,906
916,905,905,917,910,903,913,909,915,926,905,913,908,909,905,910,904,907,892,906,894,916,895,916,904,889,873,908,915,904,911,899,908,892,903,913,895,908,921,896,900,880,911,903,903,911,911,907,912,907,906,884,917,908,898,896,911,896,909,899,902,897,897,913,908,897,900,897,911,905,912,904,904,918,899,907,907,901,912,936,900,911,911,903,898,919,915,908,909,894,891,927,910,902,896,929,916,902,913,909
918,907,909,917,911,904,917,912,920,929,907,917,909,913,906,913,908,911,894,907,896,917,897,918,906,892,876,910,920,905,913,901,910,895,905,915,898,911,923,897,901,882,914,906,907,913,914,907,913,908,908,889,917,909,898,897,914,901,910,901,906,899,901,915,909,900,905,897,914,908,913,906,907,921,902,910,909,903,913,937,901,911,911,907,900,921,917,915,912,899,894,927,910,904,900,932,918,906,914,910
919,910,911,919,915,905,919,914,924,931,908,919,911,918,906,915,910,912,895,909,900,917,901,920,907,895,880,913,921,905,916,903,911,897,907,916,902,914,925,899,902,886,916,907,910,917,918,909,913,911,910,891,920,911,898,899,914,901,912,902,908,899,905,918,912,903,908,901,916,910,916,910,908,922,902,915,911,905,917,937,902,912,913,909,903,926,917,915,918,903,896,928,917,904,906,934,918,906,914,916
919,913,914,922,917,905,920,914,926,934,909,920,911,918,908,917,912,912,897,911,901,921,903,921,908,899,884,914,922,908,918,906,912,899,910,917,906,917,925,901,902,889,917,909,914,920,919,912,913,915,914,896,923,914,899,902,914,901,915,904,909,901,909,918,914,906,911,903,917,911,918,911,909,922,904,918,914,908,920,939,904,916,915,909,903,926,919,917,920,904,901,930,918,905,907,937,919,909,917,919
920,914,916,923,919,907,923,915,928,935,911,923,912,919,911,921,914,913,900,913,904,921,906,924,909,902,888,914,923,912,920,908,912,900,911,918,907,920,929,904,904,889,921,910,914,922,920,913,913,916,916,896,924,915,900,903,915,901,916,905,909,901,911,918,915,907,911,903,918,911,921,915,914,924,905,920,916,910,922,942,907,920,916,911,905,928,921,917,923,906,902,930,919,905,909,937,921,913,919,922
921,914,916,925,922,908,926,917,931,935,914,923,916,922,912,922,915,914,902,915,910,925,909,925,912,904,891,916,923,916,923,910,913,901,913,922,910,922,933,906,907,890,922,912,915,926,926,916,916,918,917,898,927,917,902,903,920,901,917,910,913,902,912,918,916,909,911,905,921,913,925,916,916,925,909,921,916,912,923,942,908,920,920,914,907,929,921,919,925,907,906,931,922,905,912,939,923,916,920,923
923,915,917,926,924,908,928,917,936,936,917,926,917,925,912,926,917,914,905,915,911,927,912,927,913,908,893,921,926,916,927,912,915,905,914,925,910,922,933,909,910,894,923,915,916,927,927,916,917,920,919,903,929,917,902,906,922,902,921,912,915,906,915,919,920,911,914,907,924,919,925,917,918,926,910,922,919,913,926,942,911,924,924,916,911,932,924,921,927,908,907,932,922,907,914,940,926,918,922,923
923,916,920,926,928,910,932,918,938,937,918,929,924,928,916,927,918,916,911,917,911,928,914,927,913,909,898,921,929,919,928,916,915,905,914,926,911,922,934,909,911,896,925,915,921,928,932,918,918,923,920,905,930,917,904,908,923,904,922,914,915,907,916,921,921,913,916,909,925,921,926,919,920,926,912,925,921,916,927,945,911,925,927,916,911,934,925,922,932,908,907,937,922,910,914,942,927,918,925,925
925,920,925,926,928,911,934,918,941,943,920,930,926,930,920,928,921,917,912,917,914,929,914,929,916,912,901,922,930,922,929,916,919,905,915,927,912,926,935,909,912,898,925,916,925,928,934,919,921,925,920,906,932,920,907,908,925,906,926,915,915,910,920,922,922,914,917,912,927,923,927,919,921,928,913,926,925,918,931,946,917,926,931,917,913,934,926,923,932,911,908,939,923,911,916,946,927,918,926,927
925,921,925,928,929,912,935,920,944,944,920,933,926,933,920,928,922,919,915,917,917,932,915,931,918,915,902,925,931,923,930,921,921,909,915,928,915,930,935,910,915,900,928,917,925,930,935,919,923,926,921,910,935,921,911,909,926,910,928,917,917,911,920,922,925,919,919,913,928,927,927,921,922,929,915,929,926,919,934,948,919,929,931,918,913,935,927,925,933,912,910,940,925,914,916,947,927,920,929,930
925,921,927,928,933,913,937,924,944,945,922,933,930,934,921,929,925,920,917,919,920,936,917,934,921,919,903,927,934,926,930,924,923,911,915,928,917,931,936,911,915,901,929,919,927,931,936,921,924,929,924,912,937,923,912,909,927,911,930,917,921,914,920,923,927,922,922,916,928,929,928,922,923,931,916,930,928,920,937,949,921,931,932,921,915,936,931,931,934,917,911,942,928,917,916,948,928,921,931,933
928,921,930,931,934,914,937,926,946,946,923,936,930,934,922,930,926,920,920,920,921,938,918,935,924,920,903,929,935,928,933,926,923,913,919,928,920,932,939,913,916,906,929,922,928,932,938,924,925,929,927,916,939,926,912,910,929,914,933,918,922,918,921,927,927,924,924,916,930,930,929,923,925,933,917,930,928,922,938,950,922,932,935,923,916,939,932,932,936,920,915,942,929,918,921,950,928,922,933,934
930,922,930,934,934,923,938,928,947,948,925,938,932,938,923,931,928,921,921,922,922,941,919,936,927,921,906,932,936,928,933,927,926,914,921,929,921,932,942,913,918,907,935,922,929,932,938,928,926,931,928,918,939,927,916,912,930,915,936,921,923,919,921,927,927,927,926,918,931,932,929,924,928,934,918,930,929,924,941,951,923,934,936,927,917,941,933,935,936,921,915,944,931,919,922,951,931,922,934,935
930,923,932,935,935,923,941,930,949,949,927,939,936,938,924,933,928,924,922,925,924,944,920,938,928,923,907,933,938,930,935,928,928,916,924,931,921,934,943,913,922,908,936,923,929,934,939,929,928,933,929,918,940,928,916,913,933,915,940,923,925,921,922,928,929,928,927,920,931,935,930,924,929,938,919,932,929,929,942,951,924,935,940,930,918,941,933,936,938,922,916,944,933,919,925,951,932,924,935,936
930,923,932,937,935,925,941,932,949,951,928,942,936,938,927,936,929,926,924,926,925,946,923,942,928,924,912,935,938,931,936,928,929,917,926,932,922,936,945,914,922,911,938,927,930,935,941,932,930,938,931,920,943,929,917,913,933,919,941,928,930,924,924,930,931,930,929,923,933,936,931,925,932,939,923,933,930,930,943,952,926,938,944,931,920,944,933,936,940,928,917,946,935,921,926,953,935,926,936,938
931,924,933,937,935,927,941,937,949,952,931,943,937,938,927,936,931,927,925,926,926,947,924,942,929,926,913,935,938,932,938,930,930,919,931,933,923,936,949,918,923,911,941,929,931,937,944,933,931,939,931,920,945,935,917,916,934,920,942,929,932,924,924,931,936,930,931,926,934,939,934,927,933,941,925,936,933,933,946,954,927,939,947,932,921,946,934,936,940,929,918,946,936,923,928,953,936,928,938,943
931,926,936,940,937,931,941,941,949,952,932,943,937,939,929,937,934,928,928,926,931,950,927,942,929,927,916,938,939,932,939,933,931,921,932,934,925,938,950,924,924,912,945,935,932,938,947,935,932,940,931,921,946,936,917,918,934,921,943,929,933,925,925,933,936,931,932,929,937,939,935,928,934,944,925,939,936,936,946,954,929,941,947,932,923,948,935,936,940,931,920,947,937,924,930,955,939,930,938,944
931,930,937,940,938,932,941,941,951,954,935,944,938,940,932,940,935,930,928,926,934,950,929,942,930,929,917,938,942,932,940,935,931,922,933,935,926,939,950,926,925,914,946,938,933,938,948,938,934,940,932,922,947,936,918,921,934,923,944,930,935,925,927,934,937,933,934,934,938,941,936,930,935,944,929,940,939,936,946,954,930,944,948,932,925,949,936,938,940,932,921,947,939,926,932,956,939,932,939,944
931,932,940,943,938,934,943,941,954,954,937,946,940,942,937,940,936,930,929,927,935,951,930,942,931,930,919,940,944,934,945,937,933,922,933,938,927,941,952,929,925,918,948,939,934,938,949,940,935,940,934,922,948,937,919,921,935,928,945,930,935,926,928,934,939,933,935,934,938,944,937,930,938,948,931,944,939,938,947,955,930,948,949,934,926,950,939,938,942,933,924,949,939,926,933,956,942,935,940,944
933,934,944,943,939,935,944,942,956,956,937,946,940,943,937,940,937,930,931,927,937,953,931,942,933,932,919,943,944,935,946,938,935,923,934,939,928,942,954,931,927,921,949,943,935,940,949,942,936,940,934,923,949,939,922,924,937,931,948,930,936,926,929,935,940,933,936,935,939,946,940,931,939,949,932,948,940,938,948,955,932,948,951,934,926,951,941,938,943,933,924,950,941,928,937,956,944,937,941,946
936,934,945,945,941,939,946,946,957,956,939,946,943,945,939,943,938,932,933,927,937,956,931,942,934,935,919,943,946,936,947,939,937,925,935,940,930,943,955,931,927,924,949,945,936,942,949,944,936,940,935,923,952,939,925,926,937,934,948,933,938,930,930,936,941,933,939,937,939,946,943,933,940,950,935,948,940,939,950,957,933,951,954,937,929,951,941,940,944,935,926,950,942,930,939,960,944,938,944,947
937,935,947,947,942,940,949,948,957,956,943,951,943,945,944,947,941,933,934,927,938,959,933,945,935,937,921,943,946,940,947,939,937,927,935,941,933,944,957,931,931,925,952,947,938,943,949,944,937,943,936,926,955,940,927,928,939,935,948,933,941,931,933,938,944,934,940,938,942,946,944,934,942,951,939,950,941,941,952,958,934,951,954,937,929,951,941,940,946,935,928,950,946,930,941,960,946,939,944,947
938,936,951,947,942,940,951,948,957,958,944,952,944,945,944,948,942,935,935,927,939,961,934,947,935,939,923,945,946,941,948,940,939,929,935,942,934,944,957,934,931,927,952,949,939,943,950,944,939,945,937,927,956,941,928,929,940,936,949,934,943,934,933,940,945,936,941,940,943,946,944,934,943,952,941,950,941,941,958,958,936,952,956,938,932,952,942,941,947,937,929,953,948,931,941,961,947,943,946,949
939,938,951,948,943,940,951,949,958,961,945,953,945,945,946,948,944,936,936,927,939,963,934,948,936,939,923,949,948,941,948,942,939,932,936,943,935,944,957,936,934,927,955,950,939,944,951,945,940,946,939,927,960,942,929,930,940,940,950,936,943,935,937,942,947,938,941,941,947,947,946,936,945,953,944,950,947,943,960,958,936,954,956,940,934,952,943,945,950,938,929,953,948,933,944,961,948,944,948,951
939,941,952,949,943,940,952,951,959,962,946,954,947,945,947,948,944,938,936,927,940,963,936,949,936,941,925,949,949,942,948,944,940,934,937,943,937,947,958,937,934,927,956,950,941,945,951,945,940,947,939,929,960,944,929,933,943,942,951,937,944,937,938,943,947,939,941,942,947,948,946,939,945,954,945,950,948,943,960,959,939,956,956,941,935,953,943,946,951,940,931,953,948,934,945,961,948,945,952,953
942,943,952,949,943,940,954,951,961,962,947,957,947,946,947,949,945,941,937,929,941,964,937,949,939,943,925,952,951,945,949,949,942,934,939,944,939,949,959,940,936,928,956,950,941,945,953,949,941,947,939,931,962,944,931,934,943,943,952,939,944,938,941,943,947,939,941,942,947,949,949,942,947,954,945,952,950,943,961,960,940,956,956,943,935,953,946,947,951,941,933,953,948,937,945,963,950,945,953,954
942,945,954,949,945,942,955,953,962,963,948,957,949,947,949,950,948,943,938,930,943,965,941,949,940,944,927,954,952,946,950,950,945,938,939,944,941,949,961,942,936,929,956,952,942,945,956,951,943,948,939,934,962,944,932,934,943,943,955,940,946,940,942,944,948,941,942,942,947,949,949,943,947,954,946,953,950,944,963,962,940,957,958,945,936,955,947,947,952,943,933,954,948,937,947,964,950,948,955,955
943,946,954,951,949,942,956,955,962,963,950,958,949,949,951,955,948,944,941,932,944,966,941,951,940,945,929,954,953,949,950,951,946,938,942,944,943,951,961,943,937,929,957,953,942,945,956,952,945,948,941,934,964,946,932,936,944,943,956,942,946,941,943,947,950,941,942,943,948,950,949,945,947,956,946,953,950,945,963,962,941,959,958,947,938,957,947,948,953,944,933,955,950,937,948,966,951,949,957,955
945,949,957,952,949,943,958,956,962,964,951,960,949,950,953,955,948,945,942,937,945,968,941,951,942,950,929,955,954,951,950,955,947,938,943,945,943,952,963,944,939,931,959,953,944,950,957,953,947,948,941,937,965,947,935,937,944,946,956,943,948,943,943,947,951,941,943,944,950,951,949,948,947,956,946,953,953,947,964,963,942,959,959,948,938,958,948,948,955,946,935,957,952,941,948,966,953,952,959,955
946,951,960,952,949,945,959,956,963,964,951,960,951,950,954,955,948,945,943,939,947,970,943,952,943,953,930,956,955,951,953,957,948,938,944,946,944,954,963,944,939,931,960,953,944,950,959,954,949,951,941,937,965,950,937,939,944,947,957,943,951,946,943,948,951,942,945,944,952,952,949,950,948,957,946,953,954,947,964,965,942,959,959,949,939,960,949,948,956,947,938,958,954,942,948,967,955,952,960,955
946,951,961,953,950,945,961,958,963,965,952,960,952,950,955,956,948,947,945,941,949,971,943,955,944,955,930,956,956,951,953,957,949,940,944,946,945,955,966,944,941,933,964,955,945,951,960,954,949,952,942,941,965,950,938,939,945,947,958,944,952,946,943,950,952,942,946,944,955,953,950,951,948,957,947,956,954,948,965,965,944,959,960,949,939,962,951,950,956,948,944,960,954,943,949,968,955,953,960,957
947,951,961,953,950,947,961,958,963,965,953,961,954,951,955,956,948,948,946,942,949,972,944,958,946,956,934,956,956,952,954,959,951,940,946,949,946,957,967,945,942,936,964,956,946,951,960,955,951,953,942,942,966,951,939,939,945,948,959,945,952,947,943,950,954,944,946,946,956,953,951,952,948,957,947,958,956,950,966,966,947,959,960,950,941,962,952,951,956,948,944,961,954,944,949,968,955,953,960,957
948,951,961,954,950,948,962,959,964,967,955,961,954,954,957,956,949,949,946,947,950,973,947,958,948,958,934,956,957,954,957,959,952,940,947,953,948,959,967,946,943,936,965,957,946,951,962,955,952,954,945,943,966,951,941,939,947,948,959,945,953,947,944,951,956,946,946,948,957,954,953,952,949,957,949,959,957,951,966,967,947,960,961,951,942,963,953,951,956,950,945,963,954,945,951,969,955,953,960,958
950,955,963,956,950,948,962,960,964,968,955,962,955,955,959,957,950,950,947,949,950,973,948,958,950,961,935,956,960,954,957,959,953,940,948,954,950,960,967,946,943,937,967,958,947,954,962,956,953,955,946,945,967,952,942,939,949,950,959,946,953,947,945,953,957,947,947,949,959,955,954,953,950,957,949,961,959,952,967,968,951,962,961,951,943,963,953,952,957,952,946,965,955,945,951,969,957,954,961,961
950,955,964,956,950,949,962,960,964,969,955,963,956,957,960,958,951,950,947,949,950,975,948,960,950,961,937,956,961,956,957,960,956,942,950,956,950,963,967,946,943,938,969,960,947,955,965,956,953,955,946,945,969,954,943,941,950,951,960,946,955,948,945,953,957,949,947,953,962,955,955,953,950,958,950,961,960,952,967,968,952,962,962,952,944,964,955,953,958,953,948,965,956,946,952,970,957,954,962,961
950,958,965,956,952,950,963,961,966,969,955,963,956,958,960,959,952,951,947,949,951,977,950,960,954,961,937,957,962,956,958,962,957,943,951,959,953,963,968,947,944,938,971,961,947,955,965,957,954,957,946,945,970,958,944,943,951,952,960,946,955,948,945,953,957,949,948,953,962,955,958,954,951,959,951,963,961,953,968,968,952,962,963,953,946,965,957,955,959,954,948,966,956,946,953,972,958,957,962,961
950,959,965,958,952,951,963,964,967,970,957,963,958,958,961,960,953,951,949,949,951,977,950,960,954,961,938,958,962,957,958,962,957,944,953,959,953,963,968,947,944,939,971,962,948,956,966,957,954,957,946,947,970,959,947,947,953,954,962,947,955,949,945,953,958,949,950,954,964,957,960,955,953,961,952,964,963,954,969,968,953,963,964,954,946,967,958,957,960,954,950,967,958,947,954,972,960,959,962,961
950,961,965,961,953,953,964,964,968,970,958,963,960,959,961,961,955,952,949,951,954,977,952,964,954,962,940,959,963,959,960,964,959,947,954,960,957,963,969,949,944,940,972,962,951,956,967,958,954,959,948,948,971,959,947,947,954,954,962,949,958,950,946,953,959,952,952,954,964,959,961,955,955,961,952,966,963,954,970,968,954,963,964,956,949,967,961,958,960,954,951,968,958,948,955,972,961,960,963,963
951,961,966,963,955,953,964,964,970,970,960,965,960,960,962,962,956,954,950,954,955,978,952,965,956,962,940,959,964,959,961,965,960,949,956,962,957,966,969,951,945,940,972,963,952,956,968,959,955,960,948,949,972,960,948,948,956,955,963,949,959,950,947,953,959,953,952,956,965,959,961,956,956,961,953,968,964,956,970,970,956,964,964,956,950,967,963,959,962,954,951,969,959,948,955,974,962,961,963,964
954,962,966,964,955,954,965,965,970,970,960,966,963,961,964,964,958,954,953,956,957,979,954,966,956,963,940,961,966,960,964,966,960,949,957,963,958,966,969,954,947,943,973,965,952,957,968,960,957,960,950,952,972,961,948,948,960,955,963,951,960,952,948,953,959,954,953,958,966,959,961,959,956,962,954,968,964,958,970,970,957,964,966,956,950,968,964,960,962,957,952,969,960,950,957,975,962,961,964,964
954,963,966,964,955,955,965,965,970,972,962,966,963,961,964,964,958,955,954,958,957,980,956,966,957,963,940,963,966,961,964,966,962,949,959,964,958,967,970,956,949,943,973,967,952,958,968,961,959,960,950,954,972,962,949,948,961,955,965,951,961,955,949,955,959,955,953,960,967,961,962,961,957,963,955,969,964,960,970,971,960,965,967,957,952,969,964,961,962,957,952,970,960,950,957,975,963,961,965,964
955,963,966,965,959,955,965,966,970,974,963,966,963,961,965,965,960,957,955,959,958,,958,968,957,967,941,964,966,962,965,966,963,949,960,965,959,967,972,957,951,945,974,967,952,958,970,961,960,960,950,957,972,962,952,948,963,956,966,951,961,957,950,955,959,956,954,962,967,961,962,962,958,963,957,970,965,961,970,971,963,966,967,958,953,970,965,961,962,958,952,970,961,953,958,975,963,961,966,964
957,964,967,965,960,956,965,968,970,974,964,966,964,962,965,966,961,960,955,960,958,,958,968,959,969,941,965,967,964,965,967,965,950,962,967,960,969,972,958,953,947,974,968,954,960,970,962,960,962,951,958,973,965,954,948,963,956,967,952,961,958,951,958,959,957,954,962,969,962,962,963,959,964,957,970,965,961,971,971,963,968,968,959,954,971,966,961,963,958,954,971,961,956,959,975,963,962,966,966
959,965,969,965,960,957,965,970,970,975,965,967,967,962,965,967,961,960,956,961,958,,959,968,960,969,941,965,967,966,966,967,966,952,964,968,963,972,972,958,954,949,974,968,957,961,971,963,961,962,952,959,973,966,955,950,964,957,967,953,961,958,952,960,960,958,954,963,971,964,962,963,961,966,959,970,967,961,971,972,963,969,968,959,954,973,967,962,964,959,955,972,962,957,959,976,963,964,967,967
960,966,970,965,961,957,965,971,970,975,965,970,967,963,966,967,962,961,956,962,959,,960,969,960,969,943,965,969,967,966,967,967,953,965,971,964,972,972,959,956,950,974,969,957,963,971,965,961,964,952,959,974,966,955,951,964,959,972,954,961,958,953,961,963,958,955,963,971,964,963,963,962,968,962,972,967,961,972,973,963,969,968,960,956,973,967,962,964,959,956,972,963,957,959,976,963,966,967,967
961,966,971,965,961,957,966,971,970,976,965,970,969,963,968,967,962,963,957,962,961,,960,969,961,970,945,965,969,967,966,968,968,953,965,971,964,973,973,960,956,950,974,969,958,963,971,965,961,964,954,959,974,967,955,951,965,959,972,955,962,959,956,964,964,959,957,963,973,964,963,964,963,968,963,972,967,961,973,974,965,970,969,960,956,973,969,962,964,960,956,973,963,957,960,977,963,969,967,968
962,966,971,968,962,957,966,971,971,978,967,971,970,963,968,967,963,963,959,963,963,,960,971,961,971,946,965,970,967,967,969,970,954,965,971,964,974,974,960,957,950,974,970,960,966,972,968,962,966,955,959,975,967,957,951,965,961,972,956,963,959,956,964,964,959,958,964,975,966,964,965,963,970,966,973,967,962,974,975,966,971,970,960,956,974,969,962,964,962,957,973,964,958,961,977,965,969,968,968
962,968,971,968,962,959,966,972,971,978,967,971,971,963,968,967,964,964,959,964,963,,961,973,961,971,949,965,970,968,968,969,971,954,968,972,965,974,975,960,958,950,975,971,960,966,972,968,963,966,956,959,977,967,957,951,965,962,972,956,964,961,956,965,965,960,960,964,975,966,964,965,963,971,966,973,967,963,974,978,966,972,974,962,956,975,969,962,964,964,960,973,965,958,963,977,966,969,969,969
962,969,972,968,962,959,966,972,971,978,967,971,972,963,969,967,965,965,960,964,963,,962,974,961,972,950,965,970,970,968,969,971,955,968,972,965,975,975,963,959,952,975,973,960,967,973,968,964,966,957,961,978,967,958,952,965,965,972,956,965,961,957,965,966,962,960,966,976,966,964,965,963,971,968,973,967,963,974,978,967,972,974,964,958,975,970,962,964,967,961,973,965,958,964,978,966,970,969,970
963,970,972,970,962,959,967,972,971,979,967,973,972,963,969,967,966,966,960,964,965,,964,974,962,973,950,966,971,970,968,969,971,958,969,973,966,976,976,964,960,954,977,974,961,968,973,968,964,966,957,963,980,967,959,953,965,966,972,958,966,961,958,965,967,963,960,966,976,966,966,967,963,971,969,973,969,963,976,978,968,972,975,967,958,975,970,963,966,968,962,975,965,959,965,978,967,970,970,974
963,970,973,970,963,960,969,973,972,981,968,975,974,963,969,968,966,968,960,964,965,,964,974,964,976,950,968,971,970,969,969,971,958,969,973,966,976,976,964,962,956,977,975,963,969,973,970,964,966,958,964,,968,960,953,966,968,972,959,967,961,959,965,967,963,960,966,976,966,966,967,964,977,969,973,969,964,976,978,969,972,975,967,958,976,970,963,967,968,962,976,965,959,967,978,967,971,970,974
964,973,973,970,964,961,971,974,974,,968,976,974,964,971,968,966,968,961,964,965,,966,974,965,976,951,968,972,971,971,969,972,960,971,974,966,976,976,966,963,957,977,975,964,970,974,972,966,967,958,967,,970,960,953,967,968,974,959,967,961,960,965,967,964,963,966,976,967,966,967,965,977,969,975,970,965,977,979,969,972,975,967,959,976,970,963,967,969,962,976,965,959,968,978,967,972,970,974
965,973,973,970,965,961,972,974,975,,968,976,974,965,972,969,967,971,962,965,965,,967,975,965,977,952,968,975,971,972,969,973,960,971,975,966,976,976,967,964,959,977,977,964,970,974,972,966,968,959,967,,970,960,955,968,968,975,961,968,962,962,967,967,965,963,966,977,968,966,967,966,977,970,975,970,966,977,981,971,972,976,967,961,976,971,964,967,969,962,976,966,963,968,978,968,973,970,974
965,973,974,970,967,961,972,975,975,,968,976,976,965,973,970,967,972,964,967,967,,967,976,965,977,953,968,976,972,972,970,973,960,973,975,966,976,976,967,964,960,977,980,964,971,974,972,969,969,959,968,,970,960,955,968,970,976,963,968,964,962,967,967,965,966,966,978,968,967,967,967,977,972,975,970,966,977,,974,973,976,969,962,977,971,964,967,969,962,976,968,963,968,978,969,973,970,974
966,973,976,971,967,962,972,976,975,,968,976,978,966,974,971,967,973,964,968,968,,967,976,965,977,956,968,976,972,972,971,973,961,973,975,967,977,976,967,965,960,977,,964,971,977,972,969,969,960,969,,972,960,955,968,970,976,963,968,964,964,967,967,967,968,967,978,969,967,968,967,979,974,975,971,966,977,,974,974,976,970,962,977,971,964,968,971,963,976,968,964,968,978,970,974,970,974
967,973,976,971,967,963,972,976,975,,968,976,978,968,974,971,968,974,965,968,969,,967,977,965,979,956,968,976,973,973,971,973,961,975,975,968,978,976,968,965,963,977,,965,972,977,973,970,971,960,970,,973,960,957,968,970,977,964,969,965,964,968,967,968,970,967,978,970,967,969,967,980,975,978,971,967,978,,974,974,977,971,964,977,973,965,969,972,963,976,969,964,970,978,970,975,970,974
967,973,976,973,967,964,973,976,976,,969,976,979,968,975,972,969,974,965,968,970,,968,977,965,980,957,968,976,973,974,972,973,961,976,975,968,978,976,969,965,963,977,,966,972,977,973,970,973,960,971,,973,962,959,968,970,979,964,969,965,965,968,969,968,971,967,978,970,968,969,967,,976,978,972,967,978,,974,975,978,973,965,978,974,967,971,972,963,977,969,965,970,978,971,975,970,974
968,973,978,974,968,964,973,976,976,,969,976,979,969,975,972,971,975,966,969,970,,968,977,966,,957,969,976,973,974,972,973,963,976,976,968,979,976,969,965,963,977,,968,972,977,974,970,973,960,972,,973,964,960,968,970,979,964,969,965,966,969,969,970,972,967,979,970,968,969,967,,976,978,973,968,978,,974,976,978,973,967,979,974,967,972,972,964,977,970,966,970,979,971,975,971,974
969,975,978,974,968,969,974,976,976,,969,977,979,970,975,972,973,975,966,969,970,,969,977,966,,958,970,976,974,974,972,973,964,976,977,969,980,978,971,967,966,977,,969,974,977,974,970,973,961,972,,973,966,960,969,970,980,964,969,966,967,969,972,970,972,967,980,970,968,970,967,,977,978,974,968,978,,974,977,978,973,968,980,974,968,972,972,965,977,971,966,970,979,971,976,972,974
969,975,978,974,968,969,974,977,978,,972,977,979,970,975,973,973,975,967,970,972,,969,978,968,,959,971,976,975,974,973,975,964,976,977,969,,978,971,970,966,978,,970,975,980,975,972,974,963,972,,973,966,962,969,970,,964,972,967,967,969,973,972,972,967,,971,969,971,967,,978,979,974,970,978,,974,977,980,973,968,,975,968,973,973,965,977,972,968,970,979,971,977,973,974
970,975,978,974,968,969,975,977,978,,975,978,979,971,975,973,976,975,969,970,972,,969,978,968,,959,973,976,976,974,974,975,964,976,977,969,,978,971,971,969,979,,970,976,,976,972,976,964,973,,973,969,962,970,971,,964,972,967,967,970,975,973,972,967,,974,969,971,968,,978,979,974,970,979,,974,978,,975,968,,975,969,974,973,965,977,974,968,971,979,972,977,973,974
970,975,979,974,970,969,975,977,979,,975,978,979,971,977,974,977,976,969,970,972,,969,978,968,,961,974,978,976,974,974,977,965,976,977,969,,979,973,971,969,979,,970,978,,976,972,978,964,974,,974,969,964,972,972,,965,972,968,968,970,975,973,972,969,,974,970,971,968,,979,981,975,971,979,,976,979,,975,968,,976,970,974,973,965,978,974,968,971,981,972,977,973,974
970,975,979,975,970,969,975,977,979,,975,978,979,971,977,974,978,976,971,970,972,,970,978,968,,962,974,978,976,974,974,977,965,976,977,970,,979,974,971,970,980,,970,978,,976,974,979,966,974,,975,969,964,973,972,,965,972,970,968,970,975,973,972,970,,975,971,971,969,,980,,976,971,980,,976,979,,975,968,,978,970,974,973,966,978,975,971,972,,972,978,974,975
970,976,980,976,970,969,976,977,979,,975,979,979,971,977,974,978,976,971,971,972,,972,978,968,,964,976,979,976,974,975,978,965,976,977,970,,979,975,972,970,,,970,978,,977,975,980,966,974,,975,970,964,973,972,,965,972,971,968,970,975,975,972,970,,976,971,972,969,,,,978,972,,,976,979,,976,969,,979,971,975,974,966,979,976,972,975,,972,978,975,977
970,977,,978,970,969,976,977,979,,975,980,979,971,977,975,978,976,973,972,973,,972,979,968,,965,976,980,977,975,975,979,965,976,977,971,,979,975,972,970,,,971,978,,977,975,,966,975,,976,970,964,974,972,,965,973,971,968,970,976,976,972,972,,976,971,972,970,,,,978,972,,,976,979,,976,971,,979,972,975,974,967,979,977,972,975,,972,978,976,977
970,977,,978,970,969,978,977,979,,975,,979,972,977,977,979,976,973,972,974,,976,979,968,,965,977,,977,976,976,979,967,978,977,971,,980,976,972,972,,,971,979,,977,975,,967,975,,976,971,965,974,972,,965,973,972,970,971,977,976,972,972,,977,971,972,970,,,,978,972,,,976,980,,977,972,,979,973,975,975,967,979,977,973,977,,972,978,976,979
971,978,,978,971,970,979,978,979,,975,,980,972,977,977,980,977,973,973,974,,978,979,972,,965,977,,978,976,976,980,967,978,977,971,,,976,972,973,,,971,979,,978,975,,967,975,,976,972,965,974,974,,965,973,972,971,972,977,979,973,974,,977,972,972,971,,,,978,973,,,977,,,978,973,,981,974,975,976,967,979,977,973,978,,972,980,977,980
971,978,,979,971,970,979,978,980,,976,,,972,977,977,,977,974,973,974,,978,979,973,,965,977,,978,976,976,,967,979,978,971,,,976,972,973,,,971,979,,980,975,,967,975,,976,972,965,974,974,,965,973,972,971,972,977,980,974,974,,979,972,972,971,,,,979,973,,,977,,,978,974,,,975,975,976,967,980,977,975,979,,972,,977,
972,978,,979,971,971,979,978,,,978,,,972,978,978,,978,975,973,975,,978,979,973,,966,978,,978,976,977,,968,981,979,972,,,977,973,974,,,972,979,,,977,,967,976,,977,972,966,974,976,,966,974,972,971,973,977,,974,975,,980,973,972,971,,,,979,975,,,978,,,979,974,,,976,975,976,967,,977,977,980,,972,,979,
972,979,,979,972,972,979,978,,,979,,,973,980,978,,979,975,973,977,,979,980,973,,966,978,,978,977,977,,969,,979,972,,,977,974,974,,,972,980,,,977,,967,977,,977,972,966,974,977,,966,974,972,972,975,977,,975,975,,,974,974,971,,,,979,976,,,978,,,979,975,,,977,976,978,967,,977,977,,,972,,979,
973,979,,979,972,973,979,980,,,980,,,973,,978,,979,975,973,977,,979,,974,,967,981,,978,977,977,,971,,979,973,,,977,974,975,,,972,,,,978,,968,978,,977,972,967,974,977,,969,974,972,972,975,977,,977,977,,,974,974,971,,,,981,976,,,978,,,979,976,,,979,976,979,968,,977,978,,,972,,979,
974,980,,980,972,973,979,,,,,,,973,,978,,979,976,973,978,,980,,974,,967,,,978,978,978,,972,,980,973,,,977,976,975,,,972,,,,979,,968,978,,978,972,967,974,978,,969,975,973,973,975,978,,977,977,,,977,974,973,,,,,976,,,978,,,979,976,,,980,977,979,972,,977,979,,,973,,979,
975,,,,973,974,979,,,,,,,973,,979,,979,976,973,979,,,,974,,967,,,978,978,979,,972,,,973,,,977,976,975,,,973,,,,980,,968,978,,981,973,967,974,978,,970,975,974,973,975,979,,978,977,,,979,975,973,,,,,976,,,978,,,979,976,,,,977,980,972,,978,979,,,974,,979,
975,,,,973,975,980,,,,,,,973,,981,,980,976,973,980,,,,974,,967,,,979,978,979,,973,,,973,,,978,977,975,,,974,,,,,,968,978,,,973,967,975,980,,971,976,974,974,976,979,,978,978,,,979,975,974,,,,,978,,,979,,,980,976,,,,977,,972,,978,979,,,974,,979,
976,,,,974,975,,,,,,,,973,,,,,976,973,,,,,976,,967,,,979,979,979,,974,,,973,,,978,977,976,,,976,,,,,,968,978,,,973,968,975,,,971,976,977,974,977,979,,979,980,,,979,976,974,,,,,979,,,979,,,,978,,,,977,,974,,978,980,,,976,,979,
978,,,,975,975,,,,,,,,974,,,,,976,975,,,,,976,,967,,,979,979,979,,975,,,975,,,979,978,977,,,977,,,,,,968,978,,,974,970,975,,,972,976,978,974,978,979,,980,,,,979,976,976,,,,,980,,,979,,,,979,,,,977,,975,,978,,,,976,,979,
979,,,,975,975,,,,,,,,975,,,,,977,975,,,,,976,,967,,,979,979,979,,975,,,975,,,980,978,977,,,978,,,,,,968,979,,,974,972,976,,,972,977,979,974,978,979,,,,,,980,976,976,,,,,,,,979,,,,979,,,,980,,975,,978,,,,976,,980,
979,,,,976,977,,,,,,,,975,,,,,977,975,,,,,976,,967,,,980,980,979,,975,,,975,,,,978,977,,,979,,,,,,968,979,,,974,973,976,,,975,977,979,974,979,979,,,,,,,976,976,,,,,,,,979,,,,979,,,,,,975,,978,,,,977,,,
980,,,,976,977,,,,,,,,975,,,,,979,975,,,,,976,,967,,,,,979,,975,,,976,,,,980,978,,,979,,,,,,970,979,,,974,973,976,,,976,977,980,974,980,979,,,,,,,976,976,,,,,,,,980,,,,979,,,,,,976,,979,,,,977,,,
,,,,976,978,,,,,,,,976,,,,,979,976,,,,,976,,968,,,,,979,,975,,,976,,,,,979,,,980,,,,,,971,980,,,974,973,976,,,976,978,,974,,979,,,,,,,977,976,,,,,,,,,,,,979,,,,,,976,,979,,,,977,,,
,,,,976,978,,,,,,,,976,,,,,979,977,,,,,976,,969,,,,,979,,975,,,976,,,,,980,,,,,,,,,971,,,,974,974,976,,,976,978,,975,,979,,,,,,,979,976,,,,,,,,,,,,979,,,,,,976,,979,,,,977,,,
,,,,978,978,,,,,,,,976,,,,,979,977,,,,,978,,969,,,,,980,,976,,,976,,,,,,,,,,,,,,972,,,,974,975,976,,,976,978,,975,,979,,,,,,,980,976,,,,,,,,,,,,980,,,,,,977,,979,,,,978,,,
,,,,979,978,,,,,,,,977,,,,,980,978,,,,,979,,969,,,,,,,976,,,976,,,,,,,,,,,,,,972,,,,975,975,977,,,976,978,,975,,979,,,,,,,,976,,,,,,,,,,,,,,,,,,978,,979,,,,979,,,
,,,,979,978,,,,,,,,978,,,,,,978,,,,,979,,970,,,,,,,976,,,977,,,,,,,,,,,,,,973,,,,975,976,977,,,976,979,,975,,980,,,,,,,,976,,,,,,,,,,,,,,,,,,979,,980,,,,980,,,
,,,,979,978,,,,,,,,978,,,,,,978,,,,,979,,971,,,,,,,977,,,977,,,,,,,,,,,,,,974,,,,975,976,978,,,976,979,,975,,,,,,,,,,976,,,,,,,,,,,,,,,,,,980,,,,,,,,,
,,,,979,978,,,,,,,,978,,,,,,978,,,,,979,,971,,,,,,,978,,,977,,,,,,,,,,,,,,975,,,,975,976,978,,,977,980,,975,,,,,,,,,,976,,,,,,,,,,,,,,,,,,,,,,,,,,,
,,,,980,979,,,,,,,,980,,,,,,978,,,,,979,,972,,,,,,,978,,,977,,,,,,,,,,,,,,975,,,,976,976,979,,,978,,,976,,,,,,,,,,976,,,,,,,,,,,,,,,,,,,,,,,,,,,
,,,,,979,,,,,,,,,,,,,,978,,,,,979,,972,,,,,,,979,,,977,,,,,,,,,,,,,,975,,,,978,977,979,,,979,,,976,,,,,,,,,,976,,,,,,,,,,,,,,,,,,,,,,,,,,,
,,,,,979,,,,,,,,,,,,,,979,,,,,979,,972,,,,,,,979,,,977,,,,,,,,,,,,,,976,,,,979,977,979,,,979,,,976,,,,,,,,,,977,,,,,,,,,,,,,,,,,,,,,,,,,,,
,,,,,980,,,,,,,,,,,,,,979,,,,,979,,972,,,,,,,979,,,977,,,,,,,,,,,,,,976,,,,980,977,979,,,979,,,976,,,,,,,,,,977,,,,,,,,,,,,,,,,,,,,,,,,,,,
,,,,,,,,,,,,,,,,,,,979,,,,,980,,972,,,,,,,979,,,977,,,,,,,,,,,,,,976,,,,,977,979,,,980,,,976,,,,,,,,,,977,,,,,,,,,,,,,,,,,,,,,,,,,,,
,,,,,,,,,,,,,,,,,,,979,,,,,,,974,,,,,,,979,,,979,,,,,,,,,,,,,,976,,,,,977,980,,,,,,976,,,,,,,,,,977,,,,,,,,,,,,,,,,,,,,,,,,,,,
,,,,,,,,,,,,,,,,,,,979,,,,,,,976,,,,,,,979,,,979,,,,,,,,,,,,,,976,,,,,977,,,,,,,976,,,,,,,,,,977,,,,,,,,,,,,,,,,,,,,,,,,,,,
,,,,,,,,,,,,,,,,,,,980,,,,,,,976,,,,,,,979,,,980,,,,,,,,,,,,,,976,,,,,977,,,,,,,976,,,,,,,,,,977,,,,,,,,,,,,,,,,,,,,,,,,,,,
,,,,,,,,,,,,,,,,,,,,,,,,,,976,,,,,,,979,,,,,,,,,,,,,,,,,976,,,,,978,,,,,,,976,,,,,,,,,,977,,,,,,,,,,,,,,,,,,,,,,,,,,,
,,,,,,,,,,,,,,,,,,,,,,,,,,976,,,,,,,979,,,,,,,,,,,,,,,,,976,,,,,978,,,,,,,976,,,,,,,,,,977,,,,,,,,,,,,,,,,,,,,,,,,,,,
,,,,,,,,,,,,,,,,,,,,,,,,,,976,,,,,,,979,,,,,,,,,,,,,,,,,976,,,,,978,,,,,,,978,,,,,,,,,,977,,,,,,,,,,,,,,,,,,,,,,,,,,,
,,,,,,,,,,,,,,,,,,,,,,,,,,977,,,,,,,979,,,,,,,,,,,,,,,,,976,,,,,978,,,,,,,978,,,,,,,,,,978,,,,,,,,,,,,,,,,,,,,,,,,,,,
,,,,,,,,,,,,,,,,,,,,,,,,,,978,,,,,,,979,,,,,,,,,,,,,,,,,977,,,,,978,,,,,,,979,,,,,,,,,,978,,,,,,,,,,,,,,,,,,,,,,,,,,,
,,,,,,,,,,,,,,,,,,,,,,,,,,978,,,,,,,979,,,,,,,,,,,,,,,,,978,,,,,978,,,,,,,979,,,,,,,,,,978,,,,,,,,,,,,,,,,,,,,,,,,,,,
,,,,,,,,,,,,,,,,,,,,,,,,,,978,,,,,,,979,,,,,,,,,,,,,,,,,978,,,,,978,,,,,,,979,,,,,,,,,,978,,,,,,,,,,,,,,,,,,,,,,,,,,,
,,,,,,,,,,,,,,,,,,,,,,,,,,978,,,,,,,979,,,,,,,,,,,,,,,,,978,,,,,978,,,,,,,980,,,,,,,,,,978,,,,,,,,,,,,,,,,,,,,,,,,,,,
,,,,,,,,,,,,,,,,,,,,,,,,,,978,,,,,,,980,,,,,,,,,,,,,,,,,978,,,,,978,,,,,,,,,,,,,,,,,978,,,,,,,,,,,,,,,,,,,,,,,,,,,
,,,,,,,,,,,,,,,,,,,,,,,,,,978,,,,,,,,,,,,,,,,,,,,,,,,978,,,,,980,,,,,,,,,,,,,,,,,978,,,,,,,,,,,,,,,,,,,,,,,,,,,
,,,,,,,,,,,,,,,,,,,,,,,,,,978,,,,,,,,,,,,,,,,,,,,,,,,978,,,,,,,,,,,,,,,,,,,,,,978,,,,,,,,,,,,,,,,,,,,,,,,,,,
,,,,,,,,,,,,,,,,,,,,,,,,,,978,,,,,,,,,,,,,,,,,,,,,,,,978,,,,,,,,,,,,,,,,,,,,,,978,,,,,,,,,,,,,,,,,,,,,,,,,,,
,,,,,,,,,,,,,,,,,,,,,,,,,,979,,,,,,,,,,,,,,,,,,,,,,,,979,,,,,,,,,,,,,,,,,,,,,,979,,,,,,,,,,,,,,,,,,,,,,,,,,,
,,,,,,,,,,,,,,,,,,,,,,,,,,979,,,,,,,,,,,,,,,,,,,,,,,,980,,,,,,,,,,,,,,,,,,,,,,979,,,,,,,,,,,,,,,,,,,,,,,,,,,
,,,,,,,,,,,,,,,,,,,,,,,,,,979,,,,,,,,,,,,,,,,,,,,,,,,,,,,,,,,,,,,,,,,,,,,,,980,,,,,,,,,,,,,,,,,,,,,,,,,,,
,,,,,,,,,,,,,,,,,,,,,,,,,,979,,,,,,,,,,,,,,,,,,,,,,,,,,,,,,,,,,,,,,,,,,,,,,,,,,,,,,,,,,,,,,,,,,,,,,,,,
,,,,,,,,,,,,,,,,,,,,,,,,,,979,,,,,,,,,,,,,,,,,,,,,,,,,,,,,,,,,,,,,,,,,,,,,,,,,,,,,,,,,,,,,,,,,,,,,,,,,
,,,,,,,,,,,,,,,,,,,,,,,,,,979,,,,,,,,,,,,,,,,,,,,,,,,,,,,,,,,,,,,,,,,,,,,,,,,,,,,,,,,,,,,,,,,,,,,,,,,,
,,,,,,,,,,,,,,,,,,,,,,,,,,979,,,,,,,,,,,,,,,,,,,,,,,,,,,,,,,,,,,,,,,,,,,,,,,,,,,,,,,,,,,,,,,,,,,,,,,,,
,,,,,,,,,,,,,,,,,,,,,,,,,,980,,,,,,,,,,,,,,,,,,,,,,,,,,,,,,,,,,,,,,,,,,,,,,,,,,,,,,,,,,,,,,,,,,,,,,,,,
